映像編集ゼミ　発表団体一覧,,,,,,,
ゼミ全体の概要紹介,,,,,,,
映像制作のプロである2名の講師をお招きし、動画制作のコツを学びながら制作に取り組みました。テーマは「30代の講師が、生まれ変わってでも麗澤高校に入学したくなる動画」です。講師へのインタビューをもとに制作し、途中でいただいたフィードバックを活かして2本目の動画制作にも挑戦。試行錯誤を重ねて完成させた作品をぜひご覧ください。,,,,,,,
,,,,,,,
,,,,,,,
,,,,,,,
担当教員,株式会社ミエタ スタッフ（外部講師）,,,会場,5G教室,全体発表枠,9:30〜11:30
,,,,,,,
通しNo.,No.,発表開始時間,発表タイトル,,発表形式,発表時間,発表者名
77,1,10:50,れいたくのみりょく！！！,,動画上映,8分,H 並木 紗羽、B 池田 菜央、G 梅澤 匠人、A 常盤 柊音
,,,【発表概要】麗澤の魅力が丸わかりの動画を2本上映します！麗澤の魅力を最大限伝えるために、生徒に近い距離で撮影し動画にしました。リアルな学生生活と、豊かな自然をメインテーマとしています。編集にも力を入れ、没入できる動画になっています,,,,
78,2,11:00,ここがすごい！📝麗澤紹介MV,,動画上映,8分,D 佐々木 悠、B 浅井 瑚亜
,,,【発表概要】麗澤を知らない人が麗澤に興味を持ってもらえるような、麗澤ならではの魅力などを意識して動画を作りました。この動画を作る際に「映像の綺麗さ」、だけではなく、編集にも力を入れて飽きないように工夫をしましたので、是非皆さんにすごい！と思ってくれたら嬉しいです。,,,,
79,3,11:10,忙しいだらこそ、楽しい毎日,,動画上映,8分,C 根本 琉那、G 大原 陽香、E 高橋 沙月
,,,【発表概要】　麗澤に行きたいな、もしくは麗澤に入ってよかったと思ってもらえるように、とにかく楽しそうな動画を2本作りました。私たちの日常と、麗澤の施設を動画で紹介するので、ぜひ最後まで見てください！！,,,,
80,4,11:20,麗澤の甘酸っぱい日々,,動画上映,8分,A 小山 凛太郎、F 浅井 凛
,,,【発表概要】麗澤に来たいなと思えるような魅力を伝えられる動画を流します,,,,