デジタルコンテンツ制作ゼミ　発表団体一覧,,,,,,,
ゼミ全体の概要紹介,,,,,,,
"デジタルコンテンツ制作のプロである講師をお招きし、相手に「伝える・伝わる」表現を意識した制作に取り組むゼミです。
多様なデジタルコンテンツの中から、伝えたい内容やターゲットに最適な媒体を深く考察。実際のコンテンツを観察・分析して見出した工夫を取り入れながら、実践的な制作を進めてきました。",,,,,,,
,,,,,,,
,,,,,,,
,,,,,,,
担当教員,株式会社ミエタ スタッフ（外部講師）,,,会場,5G教室,全体発表枠,9:30〜11:30
,,,,,,,
通しNo.,No.,発表開始時間,発表タイトル,,発表形式,発表時間,発表者名
73,1,10:00,ゆるっと知る！医療のおしごと,,成果物展示,8分,H 田所 那奈華、C 小林 さら
,,,【発表概要】医療に関わるお仕事を簡単に冊子にしてまとめてみました！冊子の中には簡単な適性診断や医療関係者にインタビューした記事などが書かれています。医療に興味があるけれど、なんとなくしかわからないという方におすすめです。言葉やデザインにこだわり、硬すぎない読みやすいものになってます。,,,,
74,2,10:20,海外留学パンフレット特別講座,,成果物展示,8分,A 山口 直太郎、F 山﨑匠翔、F 倉垣内 裕人
,,,【発表概要】　海外留学の魅力について　　親の方を対象に海外留学の安全性、コスト、子供の成長などを分かりやすく説明しています。デザインや背景の配色にもこだわり手に取ってみたくなる冊子です❗️,,,,
75,3,10:30,Level Up！スポーツを支える3つの力,,成果物展示,8分,G 星野 巧斗、G 神山 直輝、E 田居 侑悟ラメール、E 山田 楽大
,,,【発表概要】スポーツをする人がより良いパフォーマンスを発揮するために、食事・ケア・メンタルの3つの面から大切なポイントをまとめた作品です。日々の練習や試合に向けて、自分自身を「Level Up」させる方法を紹介しています。,,,,
76,4,10:40,メンタル回復術,,成果物展示,8分,E 柏木 亜月、D 松浦 花朋、D 山口 陽愛里
,,,【発表概要】現役高校生の声をもとにしたメンタル回復術をまとめて紹介した冊子を作りました！,,,,