農業ゼミ　発表団体一覧,,,,,,,
ゼミ全体の概要紹介,,,,,,,
"作物を育てるゼミです。作物とは田畑に栽培する植物、農作物のことです。
食べ物を作り、環境やSDGsについて考えて、3月は千葉大学で行われるイベントでポスター発表を行い、9月に東京農業大主催SDGSコンテストにエントリーしました。",,,,,,,
,,,,,,,
,,,,,,,
,,,,,,,
担当教員,下川慎太郎 先生（技術科）,,,会場,メディアセンター,全体発表枠,9:30〜11:30
,,,,,,,
通しNo.,No.,発表開始時間,発表タイトル,,発表形式,発表時間,発表者名
56,1,9：30,ジャガイモから考えるSDGs、ナスから考えるSDGs,,ポスター発表,,G 渡辺 旬、H 山本 聖馬
,,,"【発表概要】
ジャガイモの栽培を通して、学んだことなどを発表
ナスの栽培を通して、学んだことなどを発表",,,,
57,1,10：00,ジャガイモから考えるSDGs、ナスから考えるSDGs,,ポスター発表,,G 渡辺 旬、H 山本 聖馬
,,,"【発表概要】
ジャガイモの栽培を通して、学んだことなどを発表
ナスの栽培を通して、学んだことなどを発表",,,,
58,2,10：30,ジャガイモから考えるSDGs、ナスから考えるSDGs,,ポスター発表,,A 中野 琴羽、C 鈴木 優希奈
,,,"【発表概要】
ジャガイモの栽培を通して、学んだことなどを発表
ナスの栽培を通して、学んだことなどを発表",,,,
59,2,11：00,ジャガイモから考えるSDGs、ナスから考えるSDGs,,ポスター発表,,A 中野 琴羽、C 鈴木 優希奈
,,,"【発表概要】
ジャガイモの栽培を通して、学んだことなどを発表
ナスの栽培を通して、学んだことなどを発表",,,,