遊びの探究ゼミ　発表団体一覧,,,,,,,
ゼミ全体の概要紹介,,,,,,,
"夢中になれる好きなことや趣味を出発点に、上達のための課題を見つけ、情報を集め、整理し、自分なりに表現する中で探究の技法習得と自身の成長を目指したゼミです。
テーマは様々で、「スケートボード」「アウトドア」「ファッション」「建築」「ゲームと語学習得」「アプリ・WEＢページ制作」など、好きなことに打ち込んできました！",,,,,,,
,,,,,,,
,,,,,,,
,,,,,,,
担当教員,松丸慶汰 先生（英語科）,,,会場,メディアセンター,全体発表枠,9:30〜11:30
,,,,,,,
通しNo.,No.,発表開始時間,発表タイトル,,発表形式,発表時間,発表者名
68,1,9：30,オンラインゲームを通じた英語学習の可能性,,プレゼンテーション,15分間,A 川端 也大
,,,【発表概要】海外の人とオンラインゲームをプレイして、英語のリスニング能力やスピーキング能力が向上するかを調べる。,,,,
69,2,9：45,何をもっておしゃれというのか,,プレゼンテーション,15分間,C 草深 りお、E 樊 澤熙、F 佐藤 ちほ、F 神 季美花
,,,【発表概要】日常から話す「あの人おしゃれ」「あの人の服微妙」と感じたのはなぜ？様々な人の考えを調査して情報を集め、共通点を見出し、そこから考察することで真相に迫る。,,,,
70,3,10：00,半年でどれだけスケボーがうまくなれるのか,,動画上映,15分間,A 川端 也大、A 松下 潤之介、F 奥村 京太、F 柳原 康希
,,,【発表概要】半年かけて全力でスケボーを練習。成果やうまくなるために考えたこと、工夫したことをまとめた。,,,,
71,4,10：15,揺れに強い構造物,,ポスター発表,15分間,A 小林 和輝、C 齊藤 絢太、D 野田 彩夏
,,,【発表概要】物理の授業で学んだ知識を見直し、日々の授業と実生活とつなげる中で実際にやってみないとわからなかった課題を解決した。,,,,
72,5,10：30,折り紙を宇宙へ,,プレゼンテーション,15分間,A 福島 駿
,,,【発表概要】展開図から発展した工学や医学に触れて折り紙の可能性を見出す。,,,,