データサイエンス探究AIゼミ　発表団体一覧,,,,,,,
ゼミ全体の概要紹介,,,,,,,
"身近な出来事や社会の中から課題を見つけ、アプリやセンサー、オープンデータを活用して分析し、解決策を考えます。
企業・大学・地域と連携した実践的な学びや、生成AI、プログラミング、可視化ツールを用いた仮説検証にも取り組み、研究発表やコンテストへの挑戦を通して、社会でAIやデータを活用する力を身につけます。

活動実績
全体　流山市東部地区災害マップ制作（協力：流山市民生委員、東京理科大創域情報学部、立正大データサイエンス学部、東京大学空間情報科学研究センター　等）
個別　ドローン活用、3Dプリンタ活用、野球部データ収集、サッカー部データ収集、アプリ制作、医療データ分析　※各種データサイエンスコンテストにチャレンジしました",,,,,,,
,,,,,,,
,,,,,,,
,,,,,,,
担当教員,野口紘司 先生（情報科）,,,会場,iHub教室,全体発表枠,9:30〜11:30
,,,,,,,
通しNo.,No.,発表開始時間,発表タイトル,,発表形式,発表時間,発表者名
1,1,10:00,骨折から見る地域医療,,プレゼンテーション,10,A 地葉 ひろ乃
,,,"【発表概要】
順天堂大学から提供されたデータをもとに骨折の発生傾向を分析した。検証の結果、高齢者の大腿骨骨折の割合が著しく高い実態や、その発生率の地域差が判明した。大腿骨骨折は要介護に直結し医療資源を圧迫するため、データに基づく予防介入と地域医療連携の最適化が好ましいと結論づけた。",,,,
2,2,10:20,"データで導き出す「勝利の法則」とは
ー攻撃型と守備型はどちらのほうが強いのか？ー​",,プレゼンテーション,10,C 髙橋 怜、H 冨樫 司真
,,,"【発表概要】
サッカーにおける攻撃的なチームと守備的なチームは、どちらのほうが強いのかを2024年Jリーグのデータを用いて分析し、その結果「守備的なチーム」が勝率がよいことを突き止めた。そのことについて発表する。
加えて、私たちの麗澤高校サッカー部でおこなっているフィジカル測定による効果を考察した。",,,,
3,3,10:40,卓球におけるドライブやブロックの相関性,,ポスター発表,10,C 日笠 颯太
,,,"【発表概要】
mediapipeを使って試合中の選手の動きのいくつかを読みとり、それらの相関性や頻度について考察した。",,,,
4,4,11:00,"STREET 
― 地域の防災・防犯情報を「歩いて集める」安全情報オープンマップ ―",,プレゼンテーション,20,C 横田 理人、F 荒井 祐璃、H 須藤 央稀、H 平井 まこと、H 若山 陽斗
,,,"【発表概要】
高齢者をはじめとするデジタル弱者でも簡単に地域の防災・防犯情報を集められる端末「STREET」を開発した。
ボタン一つで写真と位置情報を記録し、集めたデータを地図上に可視化。さらに、操作性や安定性の向上、AIによる写真の自動分類を進め、地域情報をより簡単に収集・整理できる仕組みの実現を目指している。",,,,