国際地域研究ゼミ　発表団体一覧,,,,,,,
ゼミ全体の概要紹介,,,,,,,
本ゼミでは、特定の国や地域を対象に、政治学・経済学・歴史学・社会学・人類学などの多様なアプローチを用いて、その地域固有の特徴や実態を明らかにすることを目指しています。本来、地域研究において現地調査（フィールドワーク）は極めて重要ですが、高校生活の中でそれを実践することは容易ではありません。だからこそ本ゼミでは、1本の探究レポート・論文の完成を目標に、先行研究をはじめとする「文献調査と緻密な分析」に徹底的に力を注いできました。日本語文献にとどまらず必要に応じて英語論文や資料にも挑み、仮説検証を重ねる中で着実な探究力を養っています。高校時代にしっかり基礎を培ったうえで、将来進学する大学において言語力を磨き、そして実際に現地へ足を運び本格的な実態調査へと展開していくこと——それこそが、本ゼミが目指す探究の姿です。各自の強い関心から生まれた探究成果を、ぜひご覧ください。,,,,,,,
,,,,,,,
,,,,,,,
,,,,,,,
担当教員,近藤亘 先生（地歴公民科）,,,会場,4A教室,全体発表枠,9:30〜11:30
,,,,,,,
通しNo.,No.,発表開始時間,発表タイトル,,発表形式,発表時間,発表者名
15,1,9:30,"日本の「おもてなし」とスイスの「ホスピタリティ」の相違点",,プレゼンテーション,10分,E 五十嵐 文梨
,,,"【発表概要】日本における「おもてなし」とスイスの「ホスピタリティ」の違いについて言葉の成り立ちの観点と学校教育の観点から比較し相違点について研究を行った。「おもてなし」と「ホスピタリティ」の２つの似た言葉は具体的にどのような違いがあるのか明らかにしたことを発表する。
",,,,
16,2,9:42,ドイツにおける移民政策と世論ーナショナリズムの観点からー,,プレゼンテーション,10分,A 森井 陽菜乃
,,,【発表概要】近年、グローバリゼーションによる排外主義の高まりが各国で見られる。そこで、移民国家と成り立ちが異なるドイツに着眼し、そのナショナリズムをハンス・コーンの類型とスミスの類型から考察することで移民に対する政策と世論をどのように形作っているのかを明らかにする。,,,,
17,3,9:54,森林火災に対するボランティア消防組織の取り組み―日本とオーストラリアNSW州の地域防災の比較―,,プレゼンテーション,10分,D 山本 奈々
,,,【発表概要】近年オーストラリアNSW州では大規模火災が増加している。日本では火災件数は減少しているが火災の規模は拡大している。本発表では様々な異なる条件を持つオーストラリアと日本の森林火災の対応に関する取り組みを比較し、両国が抱える課題とその背景を明らかにし、日本が今後どのような防災体制を築くべきかを考察する。,,,,
18,4,10:06,日本の英国用高速鉄道車両の輸出-日立製作所の戦略を焦点において-,,プレゼンテーション,10分,A 照沼 雅士
,,,【発表概要】海外を走る日本製の高速鉄道車両は台湾と英国のみである。日本には新幹線という世界に誇れる高速鉄道があるのにもかかわらず、2つの場所でしか導入されていない。そこで、日立製作所が英国に対して行った受注獲得活動における戦略を明らかにして、日本の輸出商戦の課題点を紐解いていく。,,,,
19,5,10:18,農業大国オーストラリアにおける水資源管理について,,プレゼンテーション,10分,E 金子 湧叶
,,,【発表概要】オーストラリアの農業生産性の維持向上のためについて水資源と土壌塩類の視点から述べたものである。水資源においては水資源対策の歴史とスノーウィーマウンテンズ計画をのべその２つの情報から読み取れるこれからの解決策について述べ、また同様に土壌塩類についてもこれまでの対策と問題を指摘し解決策を述べた。,,,,
20,6,10:30,ベラルーシ人にとっての言語的アイデンティティについて―欧米、ウクライナとの比較の観点から―,,プレゼンテーション,10分,F 鈴木 小夏
,,,【発表概要】帝政ロシア、ソ連時代の影響で民族語のベラルーシ語が消滅しつつある国ベラルーシ。共通点は多いものの、親露派のベラルーシと真逆の体制を取る隣国ウクライナ。なぜ二カ国間にここまでの差が生まれたのか、またベラルーシはなぜベラルーシ語を保護しないのか。フランス、ウェールズ、ケベックの三地域と比較し探求する。,,,,
21,7,10:42,NZにおけるカウパパ・マオリ運動とその行く末,,プレゼンテーション,10分,E 遠藤 優月
,,,【発表概要】現在、世界各地で先住民の文化継承やアイデンティティの維持が困難に直面しています。そこで今回は、先住民のいる国の一つであるニュージーランドで行われているマオリ語の没入型教育について研究した。さらに、多文化共生が進む社会でマオリの文化をどのように残していくのかについて研究したことを発表する。,,,,
22,8,10:54,解体工事業における外国人労働者受け入れ体制が抱える問題とその原因について,,プレゼンテーション,10分,B 鈴木 伶
,,,【発表概要】この論文では、近年、労働力不足を背景とした日本の外国人労働者受け入れ体制における日本国内での摩擦を、一例として特に埼玉県のクルド人とその周辺地域を挙げ探究することを目的としています。最終的には問題の緩和につながるような対策を問題分析を通じて思考します。,,,,
23,9,11:06,市区町村の地震想定についてー市川市と江戸川区の地震想定の違いから－,,プレゼンテーション,10分,A 後藤 啓希
,,,【発表概要】市区町村は各々が地震の想定を作っている。そしてその作成プロセスには差異がある。私は市川市と江戸川区の震度の予測が不自然に違うことに気づいた。そこで、なぜそのように地震の想定が違っているのかを解明するとともに、自治体と都道府県の地震の想定の仕方に改善点を提案する。,,,,