道徳ゼミ　発表団体一覧,,,,,,,
ゼミ全体の概要紹介,,,,,,,
道徳ゼミでは、企業の社会貢献と利益の両立（三方よし）を主軸とした企業研究の発表を行います。5分以内で、企業紹介、創立者の想い、ビジネスと社会貢献の繋がり、未来への展望、そして学びや気づきについて発表します。実地調査の実施なども検討し、身近な企業についての理解を深め道経一体の重要性について学びます。,,,,,,,
,,,,,,,
,,,,,,,
,,,,,,,
担当教員,川部翔 先生（道徳科）,,,会場,階段教室,全体発表枠,9:30〜11:30
,,,,,,,
,No.,発表開始時間,発表タイトル,,発表形式,発表時間,発表者名
85,1,9:30,〜日本のホテル産業のパイオニア〜帝国ホテルの企業理念の根幹にあるものとは？,,プレゼンテーション,6分,D 種 悠大、G 小越 悠二、H 鯉川 史遠、E 木下 琴葉、A 太田 実穂、F 飯田 未来
,,,お客様を幸せにし、ホテルの伝統を受け継ぎつつ、日本の社会をも豊かにする、100年以上続く帝国ホテルの三方よしについてお話します。,,,,
86,2,9:37,セイコー,,プレゼンテーション,5分,C 仁井田 蒼、D 水口 裕大、E 石田 絢子、F 永田 歩生、H 前浦 詩乃
,,,SEIKOは老舗の時計メーカーで、電子部品などのデバイス、ITシステム、クロックなどを作っている世界の高級時計市場で最高峰の技術を持つ企業です。「常に時代の一歩先を行く」という信念を持ち、「社会」、「顧客」、「地球」という柱を持った三方良しの企業経営をしています。,,,,
87,3,9:43,キッコーマン,,プレゼンテーション,5分,D 宇野 耕一、G 河口 未來、F 高木 智熙、D 黒澤 武琉、H 町田 智哉
,,,【発表概要】キッコーマンの企業概要と主要商品の紹介から始まり、もともとライバルだった「一族八家」が結束した歴史と「利益より倫理を重んじる経営の想い」を発表し、そこから繋がる社会貢献や未来の展望へとリレーして、最後に「おいしい記憶をつくりたい。」という精神から全員が学んだことを発表します。,,,,
88,4,9:49,清水建設,,プレゼンテーション,5分,B 清井 俊佑、E 和田 洋翔、G 秦野 寛大、F 落合 凛乃
,,,【発表概要】清水建設は大手建設業界の会社で一般的な建築物だけでなく病院や神社まで扱う企業であり、その会社を三方良し、道経一体の観点から調査していきます。,,,,
89,5,9:55,"東京ガス
",,プレゼンテーション,5分,B 金子 実生、B 山田 湖子、D 松田 美咲、G 馬場 悠佳
,,,【発表概要】お客様の安心、従業員への気遣い、環境への配慮という三方向への心遣いと未来への展開,,,,
90,6,10:01,第一三共,,プレゼンテーション,5分,H 坂橋 美咲、C 木方 愛彩、D 金沢 裕衣、A 池田 ちひろ
,,,【発表概要】本研究は、第一三共の先進的な創薬イノベーションと、環境・社会への配慮が企業の生存戦略に直結する「現代版・三方よし」の循環モデルを分析したものである。,,,,
91,7,10:07,出光,,プレゼンテーション,5分,C 藤田 憲、F 松嶋 愁史、D 上野 知哉、E 松本 海美、G 野口 愛実
,,,【発表概要】創立者の理念「人間尊重」と「大家族主義」社員をクピにしない,,,,
92,8,10:13,資生堂,,プレゼンテーション,5分,A 花泉 紗己、C 橋本 櫻子、D 高橋 麻央、E アグゥ 愛茉クリスティ、E 仲 惟伊
,,,【発表概要】資生堂は 化粧品の国内シェア第1位であり、世界シェアでは第5位となっており世界の約120か国・地域で事業展開している企業です。その企業の四方良しについて発表します。,,,,
93,9,10:19,石井食品,,プレゼンテーション,5分,D 小枝 美穂子、C 高平 怜、A 時重 千尋、C 澤口 絢音
,,,【発表概要】石井食品のなかでどんな進化が遂げられてきたのか、そしてあの有名商品の作り方の過程など,,,,
94,10,10:25,米屋,,プレゼンテーション,5分,B 野村 侑矢、E 浅井 優花、A 植木 望美、D 岸岡 幸奈、G 奥田 琉奈
,,,なごみの米屋の事業内容、創立者の理念や社会貢献など,,,,
95,11,10:31,成田国際空港,,プレゼンテーション,5分,E 酒井 梨愛、D 大方 はつみ、G 弘實 心寧、F 荒井 小夏、F 河邊 ひなた
,,,【発表概要】成田国際空港は地域と共生し、さらなる発展を目指す日本を代表する空港です。そんな成田国際空港での取り組みや経営者の理念をもとに行われている「三方よし」について発表します。,,,,
96,12,10:37,CLOUDY,,プレゼンテーション,5分,F ニュートン 花
,,,株式会社Cloudy・NPO法人CLOUDYは、アフリカ・ガーナ等での雇用創出や社会課題の解決を目的とした事業を展開する企業です。支援が長く続く循環型ビジネスを構築しているCLOUDYを道徳的な視点で分析し、CLOUDYの魅力を皆様にお伝えします！,,,,
97,13,10:43,味の素,,プレゼンテーション,5分,H 五十嵐 晴菜、F 那須 皓喜、E 土井 春花、D 伊藤 雅通
,,,【発表概要】味の素が長年研究されてきたアミノ酸の知識や技術である「アミノサイエンス」を元に事業に取り組んでいます。また、食生活や、健康に関する課題について、「well-being」の考え方とともに、人・社会・地球全体をより良くできるように努めています。,,,,
98,14,10:49,大日本印刷,,プレゼンテーション,5分,E 関 大志、D 髙野 百花、F 田中 慈乃、G 柿葉 結実
,,,【発表概要】大日本印刷は印刷業だけでなくICカードなどの情報技術などといったこれからの私達の生活に欠かせない分野に強い印刷業界最大手の会社です。国外にも子会社を持ちグローバルなビジネス展開をしています。明治時代からという長い歴史の中でたゆまぬ努力を続け磨いてきた経営哲学は今も受け継がれてきています。,,,,
99,15,10:55,ニコン,,プレゼンテーション,5分,E 野口 裕世、D 森田 琥大郎、C 岩本 朱生、A 志賀 紗彩
,,,【発表概要】ニコンが道徳的考えを用いてどのように人材を育成し、長く続く会社を作り上げているか。,,,,
100,16,11:01,ヤマト,,プレゼンテーション,5分,B 山口 壮馬、C 大野 彗人、D 山田 慎之佑、D 仲林 祐樹
,,,【発表概要】　ヤマト運輸の成り立ちから未来にかけてサービスとモラロジーとの関係成,,,,
101,17,11:07,グリコ,,プレゼンテーション,5分,F 久野 寛人、D 田中 温太朗、E 元山 晴仁、C 小林 莉奈、D 前川 愛里
,,,【発表概要】「おいしさと健康」というスローガンを下に約1世紀前を生きた創設者江崎利一の思いを後世へつなぐため現在行われている手段を、道徳的な部分を中心に江崎グリコについて4分野で調べまとめました！皆誰もが幼い頃から身近な存在だった企業だからこそ、その思いを私たちを5人が全力で紹介します！！,,,,
102,18,11:13,東京地下鉄,,プレゼンテーション,5分,E 宇野 研一、D 大野 与奈
,,,【発表概要】　　通称東京メトロは東京都内を中心に鉄道だけではなく、不動産や商業施設の運営も行っています。その会社の創立までの苦難や会社理念について発表します。,,,,
103,19,11:19,ブリヂストン,,プレゼンテーション,5分,E 三戸 優弥、H 岡 優輝、B 阿 千瑛、E 町田 このみ
,,,発表概要ブリヂストンにおける「三方よし」は、創業者の精神を受け継いだ「最高品質で社会に貢献」という使命と、現代のサステナビリティ経営である「Bridgestone E8 Commitment」に明確に反映されています。これを軸にした発表の構成案です。,,,,