社会ゼミ　発表団体一覧,,,,,,,
ゼミ全体の概要紹介,,,,,,,
"本社会ゼミでは、生徒各自が抱く疑問や興味関心を出発点として、現代社会における多様な課題の探究に取り組んでいます。
探究テーマは、震災復興や商店街の再開発、スマートシティ、グリーンツーリズムといった「地域・環境」の課題から、日英のプロサッカー比較や鉄道貨物輸送、安楽死をめぐる社会規範、日瑞の経済政策比較まで多岐にわたります。
地理的アプローチ（空間・地域性・人間と環境の関係など）も視点に取り入れながら、多角的な視野で課題の本質に迫り、解決策や考察をまとめています。",,,,,,,
,,,,,,,
,,,,,,,
,,,,,,,
担当教員,須藤早紀 先生（地歴公民科）,,,会場,4I教室,全体発表枠,9:30〜11:30
,,,,,,,
通しNo.,No.,発表開始時間,発表タイトル,,発表形式,発表時間,発表者名
47,1,9：30,日本とスウェーデンの政策の違いによる物価及びジニ係数の違い,,プレゼンテーション,10分,C 鈴木 岳哉
,,,【発表概要】日本とスウェーデンの歴史と政策を調べて、現代の日本における最適な政策を考える,,,,
48,2,9:40,"プロサッカーチームの経営戦略と地域的関係を明らかにする。
~イングランド・プレミアリーグと日本・Jリーグを比較して~",,,10分,A 辻 紘史朗
,,,【発表概要】海外とのサッカー文化の定着度の違いについて、経営戦略だけでなく歴史的背景、観戦文化、地域社会も関係があると考える。,,,,
49,3,9:50,鉄道による新たな貨物輸送の提案,,,10分,A 森山 青空
,,,"【発表概要】
CO2排出量の削減のために、鉄道の貨物輸送の利点を考え、新たな提案を考えた",,,,
50,4,10:00,投票率が上がることはよりよい民主主義につながるのか,,,10分,D 松川 日鞠
,,,【発表概要】投票率が上がることが良いと言われることが多いが本当に社会にとって良いのかということを考える。今回は民主主義を目指すうえでどうなのかということを考える。,,,,
51,5,10:10,地球温暖化に効果を与えられるスマートシティをつくるには,,,10分,C 新行内 歩太
,,,【発表概要】地球温暖化に対して効果を与えることができるスマートシティについて考えた,,,,
52,6,10:30,能登半島の震災復興,,,10分,B 小草 佳凛
,,,【発表概要】令和6年に起きた能登半島地震で特に被害を受けた輪島市のより良い復興とは、今後の課題はなにかを考える,,,,
53,7,10:40,伊豆大島における自然の減少と新たな観光資源　ーグリーンツーリズムの導入による観光と地域の活性化ー,,,10分,B 藤井 宏重
,,,【発表概要】伊豆大島の地域活性化につなげるために観光の現状について調べ､新たな観光資源の導入のためにグリーンツーリズムが成功した地域と伊豆大島を照らし合わせどう伊豆大島に導入するか考えた。,,,,
54,8,10:50,人のつながりを重視したまちづくり,,,10分,E 二瓶 惇
,,,【発表概要】香川県高松丸亀町商店街の事例を近年の都市開発により地域コミュニティが薄れている東京都江戸川区小岩に応用できないかを考える。,,,,
55,9,11:00,安楽死と日本社会の対立と妥協,,,10分,B 山口 聖陽
,,,【発表概要】安楽死が認められない日本社会の背景を探るため、西洋と日本の宗教観や言語、哲学を比較し日本の現状と日本で安楽死が認められる方向を考える。,,,,