教育ゼミ②　発表団体一覧,,,,,,,
ゼミ全体の概要紹介,,,,,,,
"　教育ゼミは将来、幼稚園、小中高の教員になるための資質能力を育成することを目的として運営しています。現在16名の生徒が在籍をしています。これまでの主な活動としては、４年次に麗澤幼稚園での実習を２回、５年次には本校中学２年生に対しての道徳の授業を２週にわたって実施いたしました。幼稚園での実習では、各自、幼稚園生に身につけてほしい事柄を考え、それを実現するためのワークを実施しました。また、中学２年生の道徳では、道徳の教科書から単元を選択して授業を行いました。そして、５年次の夏休み期間中にはボランティアとして柏市の小学生に対して授業を行うという企画を実施しました。これらの実習以外にも、千葉大学ESD研究会に参加しました。そして今年の12月に京都女子大学で行われる基礎教育学会で発表することが決まっており、準備を進めています。
　教育ゼミの生徒たちは教員になるという将来の目標に向けて、学校内外での活動を通して様々な人々に接し、高い指導力と広い視野を身につけるべく努力しています。
",,,,,,,
,,,,,,,
,,,,,,,
,,,,,,,
担当教員,秋元誠道 先生（言語技術科）,,,会場,4G教室,全体発表枠,9:30〜11:30
,,,,,,,
通しNo.,No.,発表開始時間,発表タイトル,,発表形式,発表時間,発表者名
10,1,09：30,模擬授業,,実演,25分,F 鈴木 健太
,,,【発表概要】小学校高学年を想定した絵を読み取る授業を実施。,,,,
11,2,10：00,模擬授業,,実演,25分,E 馬場 日葵
,,,【発表概要】中学２年生を想定した道徳の授業を実施。,,,,
12,3,10：30,模擬授業,,実演,25分,F 登坂 柚葵
,,,【発表概要】小学校の低学年を想定した俳句の分析の授業を実施。,,,,
13,4,11：00,模擬授業	,,プレゼンテーション,25分,D 白山 萌々菜、E 岡村 空美、E 武田 陽菜乃、E 中村 優空、F 村山 結夏
,,,【発表概要】教育ゼミでの実習の体験報告,,,,