文芸小説創作ゼミ　発表団体一覧,,,,,,,
ゼミ全体の概要紹介,,,,,,,
"★文学のインプットからアウトプットまでを網羅した、本格的な文芸探究・創作プログラムです。
①名作の精読とオマージュ：夏目漱石、安部公房、中島敦、カフカを読み解き、不条理や変身をテーマに自作を執筆する。
②表現トレーニング：村上春樹や乗代雄介の文章論から、他者に「伝える」ための高度な文章レトリックを習得する。
③プロによる批評（推敲）：元出版社編集者がマンツーマンでプロットを講評。作品の質を引き上げる。
④文芸誌の制作・冊子印刷：編集・校正からDTPデザインまでを経験し、自分たちの作品を美しい文芸誌として形にする。
⑤文芸コンクールへの出品：「全国高校生文芸コンクール」への出品・受賞を目指す。",,,,,,,
,,,,,,,
,,,,,,,
,,,,,,,
担当教員,加藤雅子 先生（国語科）,,,会場,4C教室,全体発表枠,9:30〜11:30
,,,,,,,
通しNo.,No.,発表開始時間,発表タイトル,,発表形式,発表時間,発表者名
24,1,9:30,本格推理小説における不可能犯罪とオカルトの親和性,,プレゼンテーション,10分,A 中村 煌忠
,,,【発表概要】ジョン・ディクスン・カーの作品をはじめ、不可能犯罪には往々にしてオカルトが絡んでくる。不可解な謎を現実のものとして解体するミステリと、謎を謎として探求するオカルトとは互いに正反対の位置にいるように見えるが、なぜこの2つは融合されるのか。,,,,
25,2,9:45,文芸創作ゼミ〜物語の世界で広げる自己表現〜,,プレゼンテーション,10分,G 倉田 美彩
,,,【発表概要】　世の中には数多くの作品が存在する。文芸作品もその一つである。では、どうして作品を作るのか？そして、文芸作品を作るにおいて、何が必要なのか？という話（自己論）をする。,,,,
26,3,10:00,作品に広がる現実について,,プレゼンテーション,10分,D 杉谷 涼真
,,,【発表概要】作品の紹介と作品内に広がる世界感について個人的な意見を述べます。具体的には、フィクションにおいてキャラクターの行動の背景にある思想の表現や、キャラクターがその思想となったのはどういう世界であったからなのか、人それぞれの宗教観の視点も含めて自論を話します。,,,,
27,4,10:15,自分の内面と向き合ったことで得た自己表現の方法,,プレゼンテーション,10分,F 宇佐見 弥櫻子
,,,【発表概要】作品紹介、一年間の活動の成果、一年間で挑戦したジャンル、それそれで得た学び、技術面で少しだけ、「書く」ことで自分の中で成長したこと、その意義,,,,
28,5,10:30,現代ファンタジーについて,,プレゼンテーション,10分,A 茗荷 眞和香
,,,【発表概要】自分の作品紹介と、現代ファンタジーについての私の自論を語ります。現代ファンタジーが好きな理由、そもそも現代ファンタジーとは何か、現代ファンタジーを書くうえで重要なことは何かなど。,,,,
29,6,10:45,発想の再構成〈アイデアのまとめ方〉,,プレゼンテーション,10分,B 御厨 晴菜
,,,主にファンタジーにおけるアイデアの捻出方法とそれを言語に再構成するために必要なこと（自論）を話す。,,,,
30,7,11:00,１年間の活動を通して（感情や心理の多様な表現技法）,,プレゼンテーション,10分,D 杉本 咲美
,,,【発表概要】喜怒哀楽を表現する語彙の多さ、感情の多様性・混ざり合い（例：「嬉しい」の中に楽・悔・申・安が含まれる）や、受け手による捉え方の違いを整理。天気・動植物・乗り物などの「フィルター」を通した客観的描写の手法を検討。,,,,
31,8,11:15,「キャラクターを起点とした小説の作り方」,,プレゼンテーション,10分,F 長谷川 桜
,,,"【発表概要】小説には世界観・展開・文体・ジャンルなど多くの要素があるが、読者が最も注目する「キャラクター」を軸に物語の考案を始める。キャラクター、世界観、文体、展開はどれも小説に不可欠な要素であり、今回提示する執筆手順が他の作家にとって参考になればと思う
",,,,