化学ゼミ　発表団体一覧,,,,,,,
ゼミ全体の概要紹介,,,,,,,
"化学に興味のある生徒が集まり、ひとりひとりが興味をもった現象に対して、実験を計画して実行した。
主な対象は次の4テーマ『再結晶による結晶成長条件の検証』『色の変化と認知の関係性』『反応の「激しさ」とは』『有機溶媒による色素抽出』
また、化学を学ぶ意欲を発揮し、国際化学オリンピックの国内予選である化学グランプリにエントリーした経験をまとめた。
実験や考察を通して生徒自身が実感した化学の面白さや難しさ、楽しさを伝えられる発表ができると良いと考えている。",,,,,,,
,,,,,,,
,,,,,,,
,,,,,,,
担当教員,平井嵩人 先生（理科）,,,会場,理科教室B,全体発表枠,9:30〜11:30
,,,,,,,
通しNo.,No.,発表開始時間,発表タイトル,,発表形式,発表時間,発表者名
32,1,10:00,液中での結晶成長と滴下での結晶成長の比較,,プレゼンテーション,6分+質疑2分,H 鈴木 結
,,,【発表概要】液中での結晶成長における温度変化の違いと、滴下での結晶成長を比較した。,,,,
33,2,10:10,あなたは中和滴定の指示薬なにつかいますか？,,プレゼンテーション,6分+質疑2分,H 山口 明璃
,,,"【発表概要】人の、色の認識誤差を調べるために、色の異なる指示薬を使った中和滴定で比較しました。
あと化学グランプリに挑戦しました。",,,,
34,3,10:20,葉緑体分離における抽出操作の検証,,ポスター発表,40分,A 本堂 佳廉
,,,【発表概要】光合成色素の抽出における分離方法は確立しているが、実際にやってみるとうまくいかなかった。改善するための工夫をまとめました。,,,,
35,4,10:20,象の歯磨き粉実験における激しさをより大きくする方法,,ポスター発表,40分,C 構井 彬人
,,,"【発表概要】噴出する泡の高さ及び速さを激しさと定義する。
激しさをより大きくするにはどうしたらよいだろうか。様々な異なる条件で実験を行った。（当日実験予定あります）",,,,
36,5,10:20,濃度、温度、触媒の量の変化による反応の制御方法の探索,,ポスター発表,40分,G 吉岡 龍之介
,,,【発表概要】派手さが売りの「象の歯磨き粉実験」の濃度、温度、触媒の量を比較し、見た目を保ちながら安全に実験を行うにはどうすればいいか。,,,,