メディアゼミ　発表団体一覧,,,,,,,
ゼミ全体の概要紹介,,,,,,,
"本ゼミでは、前期半年間で、エンターテインメントやソーシャルメディアにおける自身の好きなものについて取り上げ、探究活動の基礎を固めました。
後期では、企業からの指令を受け、企業インターンを行いました。ゼミ内でグループを作り、企業の課題を解決するための探究活動を行いました。
情報活用能力の向上も目指しながら、堅実に手順を踏む探究活動により、問題解決能力を磨きました。",,,,,,,
,,,,,,,
,,,,,,,
,,,,,,,
担当教員,佐々木瞬 先生（情報科）,,,会場,D21教室,全体発表枠,9:30〜11:30
,,,,,,,
通しNo.,No.,発表開始時間,発表タイトル,,発表形式,発表時間,発表者名
42,1,９：３０,「すこやか」「ゆたか」を、今から未来へ,,プレゼンテーション,8分＋質疑応答,B 箕浦 凛々、C 竹田 悠那、B 市嶋 姫依、H 伊藤 和樹
,,,【発表概要】若者の健康意識が低下している今、グリコの「パーパス」である”すこやかな毎日、ゆたかな人生”を未来世代にも伝えていくため、世代を超えても親しまれるような誰でも手軽に食べることのできる栄養菓子を提案し、人々の健康のための”100年レタープロジェクト”を企画する。,,,,
43,2,９：４５,#3H　笑顔が集まるところに、食卓がある。,,プレゼンテーション,8分＋質疑応答,F 小田 柑菜、D 松丸 ななこ、F 下山 莉愛、F 菊池 ひなた
,,,【発表概要】kewpieが掲げているスローガン「愛は食卓にある。」の原点とも言える「家族」に焦点をあて、世代や性別の垣根を超えてより多くの人に『グリーンキユーピー』の存在を知ってもらうため、10代とキユーピーちゃんがタッグを組み、みんなが3Hな社会の構築を目指します。「3H」な未来の社会って？答えは麗探祭で！！,,,,
44,3,１０：００,今日おなかいいじゃん、ミルクもいいじゃん,,プレゼンテーション,8分＋質疑応答,E 森田 結大、H 小林 愛、H 檜垣 芽花
,,,【発表概要】「牛乳ってどうやって私たちのもとに届くのか」、「なぜ乳製品はお腹にいいのか」そんな身近な疑問から森永乳業の魅力について調べました。ビフィズス菌や牛乳ができるまでを紹介し、若者や主婦層が楽しく知れる「森永おなかレシピ部」を提案します。あなたのおなかにも”いいじゃん”が見つかるかも！,,,,
45,4,１０：１５,「売る」から「作る」へ　　〜ローソン、祭りはじめます〜,,プレゼンテーション,8分＋質疑応答,D 堀江 崚太、G 高松 里紗子、G 渡辺 美恵、F 堀江 一花、E 細井 美咲
,,,【発表概要】ローソンの目指すビジョン「マチの”ほっと”ステーション」をキーワードに置き、マチのためにもローソンの売上のためにもなる、今までにない新しい地域貢献活動を費用の面や課題点にも目を向けながら企画・提案する。,,,,
46,5,１０：３０,CITY×ZENRYOKUでかけがえのない高校時間を,,プレゼンテーション,8分＋質疑応答,A 葛城 佑音、F 松本 愛琉、H 尼野 頼俊、B 中村 洸太、D 藤塚 さくら
,,,【発表概要】シチズンの企業理念にある「市」と、高校生が高校生活をかけがえのない時間だと認識できるPRを実現しました。高校生の「あるあるの悩み」とシチズン時計の強みをマッチした所と2段階PRで、身近な共感から購買へつなげ、深く広い宣伝効果を生み出せるところが魅力です！あなたの青春、その時間を大切にできていますか？,,,,