イベント企画ゼミ　発表団体一覧,,,,,,,
ゼミ全体の概要紹介,,,,,,,
1年次にリサーチや企画を行った内容をベースに、イベントの実現を目指すゼミです。様々な分野でのイベント実施の実績のある講師をお招きし、単にイベントを実施するだけでなく、「参加者にどのような変化や感情を提供したいか」という目的意識を持って検討を重ねてきました。本日がイベント本番のグループもありますので、ぜひ足を運んでみてください！,,,,,,,
,,,,,,,
,,,,,,,
,,,,,,,
担当教員,株式会社ミエタ スタッフ（外部講師）,,,会場,"5G教室,5H教室,
MM教室",全体発表枠,9:30〜11:30
,,,,,,,
通しNo.,No.,発表開始時間,発表タイトル,,発表形式,発表時間,発表者名
81,1,9:30,大多和医院で実践した子ども工作プロジェクト,,ポスター発表,15分,A 俵谷 怜希、C 後藤 真悠子、E 吉田 希実、H 若林 香凜
,,,【発表概要】千葉県長生郡白子町にある大多和医院に訪問し、地域の子供達と工作をしました！幅広い年代の子どもたちと関わり、自分たちの考えた企画を楽しんでもらうことができました！現地での思い出や実施の過程を紹介します！,,,,
82,2,"9:30~
10:30~",さよなら、筋肉痛!   ~正しく楽しい運動をしよう~　会場：MM教室,,ワークショップ,30分×2回,A 大石 優愛、A 佐々木 理瑚、G 芝﨑 凜、H 前田 羽咲
,,,【発表概要】イベントに参加してくれた人を運動前・運動後のストレッチをする人、しない人、どちらもする人、どちらもしない人の4グループにわけ、みんなで運動をする。後日アンケートを配信して筋肉痛に関するデータを取る。,,,,
83,3,"9:30~
10:30~",他者とつながる遊び場　会場：5H教室,,ワークショップ,30分×2回,C 加藤 暖絆、B 水澤 佑介、D 松原 姫和、F 高野 莉緒
,,,【発表概要】他の人とゲームなどのレクリエーションを通して交流できるイベントをします！ただの会話ではなくゲームだからこそ、楽しみながら自然と仲良くなれる、そんなイベントにしたいと思ってます。,,,,
84,4,9:50,バドミントンの試合のために！〜苦手克服〜,,プレゼンテーション,8分,F 真壁 海志
,,,【発表概要】麗澤中学3年生のバドミントン研究会の子たちが高校に進級して、バドミントン部になった際に初めて経験する公式戦のために、ルール、技術練習を教えようと思っています。ゼミ実施前に佐藤先生のところへ相談に行き、中学3年生バドミントン部の子たちの課題点を聞こうと思っています。,,,,