観光ゼミ　発表団体一覧,,,,,,,
ゼミ全体の概要紹介,,,,,,,
興味を持った地域の解決したい地域課題(産業育成、過疎化、伝統産業・一次産業の担い手不足等)を見つけ、課題を解決するプランや豊かなまちづくりが進められるような地域活性プランや観光事業を構想します。構想では、文献や資料で情報を集めながら実地調査やアンケート調査および分析を行い、まとめていきます。最終的には『ツーリズムを通じた自分たちの“まち”の活性化プランを考えよう』をテーマとしている「高校生まちづくりコンテスト」へのエントリーをし、参加することを目標とします。エントリーのため、スライドやプレゼンテーション動画を制作します。今年度は柏市をテーマに１つのチームで取り組んでいます。,,,,,,,
,,,,,,,
,,,,,,,
,,,,,,,
担当教員,芝原真琴 先生（理科）,,,会場,メディアセンター,全体発表枠,9:30〜11:30
,,,,,,,
通しNo.,No.,発表開始時間,発表タイトル,,発表形式,発表時間,発表者名
60,1,9：30,柏市の現状とこれからの観光,,プレゼンテーション,８分,D 小池 一葉、E 内藤 里奈、E 森田 彩花、H 白岩 克教
,,,"【発表概要】柏市の概要や柏市の観光地になりうるポテンシャルを他の観光都市との比較から調べた。
調べ作業やフィールドワークを通して発見した柏市の魅力的な場所の紹介および今後の展望について発表する。",,,,
61,2,10：00,柏市の現状とこれからの観光,,プレゼンテーション,８分,D 小池 一葉、E 内藤 里奈、E 森田 彩花、H 白岩 克教
,,,"【発表概要】柏市の概要や柏市の観光地になりうるポテンシャルを他の観光都市との比較から調べた。
調べ作業やフィールドワークを通して発見した柏市の魅力的な場所の紹介および今後の展望について発表する。",,,,
62,3,10：30,柏市の現状とこれからの観光,,プレゼンテーション,８分,D 小池 一葉、E 内藤 里奈、E 森田 彩花、H 白岩 克教
,,,"【発表概要】柏市の概要や柏市の観光地になりうるポテンシャルを他の観光都市との比較から調べた。
調べ作業やフィールドワークを通して発見した柏市の魅力的な場所の紹介および今後の展望について発表する。",,,,
63,4,11：00,柏市の現状とこれからの観光,,プレゼンテーション,８分,D 小池 一葉、E 内藤 里奈、E 森田 彩花、H 白岩 克教
,,,"【発表概要】柏市の概要や柏市の観光地になりうるポテンシャルを他の観光都市との比較から調べた。
調べ作業やフィールドワークを通して発見した柏市の魅力的な場所の紹介および今後の展望について発表する。",,,,